﻿pos_x,pos_y,rotation,side,designator,mpn,pack,value,mount_type,place
203.0476,-95.5548,0.0,top,C1,,C_1206_3216Metric,100nF,smt,True
251.1552,-101.7016,0.0,top,C2,,C_1206_3216Metric,22pF,smt,True
252.3744,-94.1832,180.0,top,C3,,C_1206_3216Metric,22pF,smt,True
235.6104,-111.1504,90.0,top,C4,,C_1210_3225Metric,220UF,smt,True
220.6244,-111.1504,90.0,top,C5,,C_1210_3225Metric,100UF,smt,True
150.3172,-129.1336,180.0,top,C6,,C_1206_3216Metric,300nF,smt,True
150.4696,-112.9792,180.0,top,C7,,C_1206_3216Metric,300nF,smt,True
150.4188,-96.8756,180.0,top,C8,,C_1206_3216Metric,300nF,smt,True
150.4696,-80.5688,180.0,top,C9,,C_1206_3216Metric,300nF,smt,True
91.186,-123.7488,0.0,top,D1,,D_SOD-123,1N4448W,smt,True
91.0844,-107.696,0.0,top,D10,,D_SOD-123,1N4448W,smt,True
96.0628,-107.696,0.0,top,D11,,D_SOD-123,1N4448W,smt,True
101.1936,-107.696,0.0,top,D12,,D_SOD-123,1N4448W,smt,True
106.1212,-107.7468,0.0,top,D13,,D_SOD-123,1N4448W,smt,True
111.2012,-107.7468,0.0,top,D14,,D_SOD-123,1N4448W,smt,True
116.1288,-107.7468,0.0,top,D15,,D_SOD-123,1N4448W,smt,True
121.1072,-107.7468,0.0,top,D16,,D_SOD-123,1N4448W,smt,True
126.1364,-107.7468,0.0,top,D17,,D_SOD-123,1N4448W,smt,True
91.2368,-91.4908,0.0,top,D18,,D_SOD-123,1N4448W,smt,True
96.1644,-91.5416,0.0,top,D19,,D_SOD-123,1N4448W,smt,True
96.1644,-123.7488,0.0,top,D2,,D_SOD-123,1N4448W,smt,True
101.1428,-91.5416,0.0,top,D20,,D_SOD-123,1N4448W,smt,True
106.1212,-91.5416,0.0,top,D21,,D_SOD-123,1N4448W,smt,True
111.1504,-91.5416,0.0,top,D22,,D_SOD-123,1N4448W,smt,True
116.1552,-91.5416,0.0,top,D23,,D_SOD-123,1N4448W,smt,True
121.1072,-91.5416,0.0,top,D24,,D_SOD-123,1N4448W,smt,True
126.112,-91.5416,0.0,top,D25,,D_SOD-123,1N4448W,smt,True
91.1352,-75.2856,0.0,top,D26,,D_SOD-123,1N4448W,smt,True
96.1644,-75.2856,0.0,top,D27,,D_SOD-123,1N4448W,smt,True
101.1936,-75.2856,0.0,top,D28,,D_SOD-123,1N4448W,smt,True
106.1212,-75.2856,0.0,top,D29,,D_SOD-123,1N4448W,smt,True
101.1428,-123.7488,0.0,top,D3,,D_SOD-123,1N4448W,smt,True
111.2012,-75.2856,0.0,top,D30,,D_SOD-123,1N4448W,smt,True
116.1552,-75.2856,0.0,top,D31,,D_SOD-123,1N4448W,smt,True
121.1072,-75.2856,0.0,top,D32,,D_SOD-123,1N4448W,smt,True
126.1364,-75.2856,0.0,top,D33,,D_SOD-123,1N4448W,smt,True
91.186,-64.9224,0.0,top,D34,,D_SOD-123,1N4448W,smt,True
96.1644,-64.9224,0.0,top,D35,,D_SOD-123,1N4448W,smt,True
101.1428,-64.9224,0.0,top,D36,,D_SOD-123,1N4448W,smt,True
106.172,-64.9224,0.0,top,D37,,D_SOD-123,1N4448W,smt,True
111.2012,-64.9224,0.0,top,D38,,D_SOD-123,1N4448W,smt,True
116.1796,-64.9224,0.0,top,D39,,D_SOD-123,1N4448W,smt,True
106.172,-123.7488,0.0,top,D4,,D_SOD-123,1N4448W,smt,True
121.1072,-64.9224,0.0,top,D40,,D_SOD-123,1N4448W,smt,True
126.1364,-64.9224,0.0,top,D41,,D_SOD-123,1N4448W,smt,True
271.5778,-107.4166,180.0,top,D42,,D_SOD-123,1N4448W,smt,True
266.701,-107.4166,0.0,top,D43,,D_SOD-123,1N4448W,smt,True
266.7264,-99.0854,0.0,top,D44,,D_SOD-123,1N4448W,smt,True
270.2052,-90.7542,0.0,top,D45,,D_SOD-123,1N4448W,smt,True
215.5952,-101.6,90.0,top,D5,,D_SMC,B340,smt,True
111.252,-123.7488,0.0,top,D6,,D_SOD-123,1N4448W,smt,True
116.1044,-123.7488,0.0,top,D7,,D_SOD-123,1N4448W,smt,True
121.1072,-123.7488,0.0,top,D8,,D_SOD-123,1N4448W,smt,True
126.1628,-123.7488,0.0,top,D9,,D_SOD-123,1N4448W,smt,True
222.382,-80.4468,90.0,top,J1,,PinHeader_2x20_P2.54mm_Vertical,Raspberry_Pi_2_3,tht,True
198.8412,-109.8804,-90.0,bottom,J10,,PinHeader_1x04_P2.54mm_Vertical,Coin/Note Input,tht,True
185.8187,-117.8504,90.0,bottom,J11,,BarrelJack_Horizontal,+24V IN,tht,True
197.6551,-117.8504,90.0,bottom,J12,,BarrelJack_Horizontal,+12V OUT,tht,True
139.7781,-126.695199,0.0,bottom,J13,,CONN_1890963_PXC,Player 1,tht,True
139.7273,-110.540799,0.0,bottom,J14,,CONN_1890963_PXC,Player 2,tht,True
139.7273,-94.386399,0.0,bottom,J15,,CONN_1890963_PXC,Player 3,tht,True
139.7273,-78.079599,0.0,bottom,J16,,CONN_1890963_PXC,Player 4,tht,True
207.0966,-80.4722,90.0,bottom,J17,,PinHeader_2x03_P2.54mm_Vertical,ICSP,tht,True
209.1436,-98.552,90.0,bottom,J18,,PinHeader_1x06_P2.54mm_Vertical,Serial Program,tht,True
175.3616,-77.8764,-90.0,bottom,J19,,PinHeader_1x08_P2.54mm_Vertical,Graphics LCD,tht,True
91.150399,-126.7204,0.0,bottom,J2,,282836-9,Player 1,tht,True
164.861,-92.1004,-90.0,bottom,J20,,PinHeader_1x03_P2.54mm_Vertical,Channel 4,tht,True
164.8102,-107.3912,-90.0,bottom,J21,,PinHeader_1x03_P2.54mm_Vertical,Channel 3,tht,True
164.861,-97.6376,-90.0,bottom,J22,,PinHeader_1x03_P2.54mm_Vertical,Channel 2,tht,True
164.7952,-112.8776,-90.0,bottom,J23,,PinHeader_1x03_P2.54mm_Vertical,Channel 1,tht,True
201.417,-104.2924,-90.0,bottom,J24,,PinHeader_1x02_P2.54mm_Vertical,CCard Input,tht,True
91.150399,-110.6932,0.0,bottom,J3,,282836-9,Player 2,tht,True
91.150399,-61.9508,0.0,bottom,J4,,282836-9,Spares,tht,True
91.186,-94.488,0.0,bottom,J5,,282836-9,Player 3,tht,True
91.150399,-78.2572,0.0,bottom,J6,,282836-9,Player 4,tht,True
209.4407,-117.8504,90.0,bottom,J7,,BarrelJack_Horizontal,+24V OUT,tht,True
206.5236,-66.1924,180.0,bottom,J8,,CONN_1890963_PXC,Neo Pixel Data,tht,True
182.7326,-111.0338,180.0,top,J9,,PinHeader_2x08_P2.54mm_Vertical,Note Acceptor,tht,True
215.646,-110.1344,-90.0,top,L1,,L_Bourns-SRN6028,68UH,smt,True
207.0608,-87.1728,90.0,bottom,LED1,,LED_8270-107F_DIA,598-8270-107F,smt,True
175.34255,-119.9388,0.0,bottom,LED2,,LED_8270-107F_DIA,598-8270-107F,smt,True
175.34255,-123.5964,0.0,bottom,LED3,,LED_8270-107F_DIA,598-8270-107F,smt,True
175.39335,-127.254,0.0,bottom,LED4,,LED_8270-107F_DIA,598-8270-107F,smt,True
251.7902,-90.9828,90.0,top,Q1,,SOT-23,BC847,smt,True
197.104,-87.6808,0.0,top,Q16,,SOT-23,BC847,smt,True
257.1011,-91.2114,0.0,top,Q2,,SOT-23,BC847,smt,True
251.7902,-86.8149,90.0,top,Q3,,SOT-23,BC847,smt,True
257.0757,-85.4964,0.0,top,Q4,,SOT-23,BC847,smt,True
200.0504,-93.1672,180.0,top,R1,,R_1206_3216Metric,10k,smt,True
150.3172,-126.6952,0.0,top,R10,,R_1206_3216Metric,10k,smt,True
150.4696,-110.5408,0.0,top,R11,,R_1206_3216Metric,10k,smt,True
150.4188,-94.3864,0.0,top,R12,,R_1206_3216Metric,10k,smt,True
150.4696,-78.0796,0.0,top,R13,,R_1206_3216Metric,10k,smt,True
168.99255,-123.5964,0.0,bottom,R14,,R_1206_3216Metric,510,smt,True
168.99255,-127.254,0.0,bottom,R15,,R_1206_3216Metric,1k2,smt,True
176.4792,-82.9056,0.0,top,R16,,R_1206_3216Metric,220R,smt,True
131.1148,-107.7468,180.0,top,R17,,R_1206_3216Metric,10k,smt,True
131.1656,-91.5416,180.0,top,R18,,R_1206_3216Metric,10k,smt,True
131.1656,-75.2856,180.0,top,R19,,R_1206_3216Metric,10k,smt,True
204.3684,-87.5497,-90.0,bottom,R2,,R_1206_3216Metric,330,smt,True
131.1656,-64.9224,180.0,top,R20,,R_1206_3216Metric,10k,smt,True
257.7084,-112.1664,-90.0,top,R21,,R_1206_3216Metric,10k,smt,True
257.7592,-103.8352,-90.0,top,R22,,R_1206_3216Metric,10k,smt,True
257.7592,-95.504,-90.0,top,R23,,R_1206_3216Metric,10k,smt,True
262.1534,-90.7288,0.0,top,R24,,R_1206_3216Metric,10k,smt,True
168.99255,-119.9388,0.0,bottom,R3,,R_1206_3216Metric,160,smt,True
247.4214,-91.9226,180.0,top,R36,,R_1206_3216Metric,10k,smt,True
247.4214,-89.535,180.0,top,R37,,R_1206_3216Metric,10k,smt,True
247.4214,-87.1474,180.0,top,R38,,R_1206_3216Metric,10k,smt,True
247.4214,-84.5566,180.0,top,R39,,R_1206_3216Metric,10k,smt,True
150.4696,-75.6412,180.0,top,R4,,R_1206_3216Metric,10k,smt,True
150.4188,-91.948,180.0,top,R5,,R_1206_3216Metric,10k,smt,True
192.786,-88.8492,0.0,top,R50,,R_1206_3216Metric,10k,smt,True
192.786,-83.5152,180.0,top,R51,,R_1206_3216Metric,9k1,smt,True
210.058,-110.998,90.0,top,R52,,R_1206_3216Metric,10k,smt,True
150.4696,-108.1532,180.0,top,R6,,R_1206_3216Metric,10k,smt,True
150.3172,-124.2568,180.0,top,R7,,R_1206_3216Metric,10k,smt,True
192.786,-86.1568,180.0,top,R8,,R_1206_3216Metric,10k,smt,True
131.2164,-123.7488,180.0,top,R9,,R_1206_3216Metric,10k,smt,True
261.494,-86.614,0.0,top,RLY1,9007-05-00,Relay_Reed_9007-05-00,9007-05-00,tht,True
261.4378,-94.9198,0.0,top,RLY2,9007-05-00,Relay_Reed_9007-05-00,9007-05-00,tht,True
261.4178,-103.251,0.0,top,RLY3,9007-05-00,Relay_Reed_9007-05-00,9007-05-00,tht,True
261.3924,-111.5822,0.0,top,RLY4,9007-05-00,Relay_Reed_9007-05-00,9007-05-00,tht,True
242.4684,-101.4476,180.0,top,U1,,TQFP-32_7x7mm_P0.8mm,ATmega328P-A,smt,True
167.5384,-85.6488,0.0,top,U2,SN74HC04N,SOIC-14_W3.9mm,SN74HC04N,smt,True
228.0602,-105.1408,90.0,top,U3,,TO-263-5_TabPin3,LM2595S-12,smt,True
251.7648,-98.2472,-90.0,top,Y1,,CRYSTAL_ABM3B_ABR,16MHz Crystal,smt,True
