﻿pos_x,pos_y,rotation,side,designator,mpn,pack,value,mount_type,place
204.724,-95.4532,180.0,top,C1,,C_1206_3216Metric,100nF,smt,True
251.1552,-101.7016,0.0,top,C2,,C_1206_3216Metric,22pF,smt,True
252.3744,-94.1832,180.0,top,C3,,C_1206_3216Metric,22pF,smt,True
235.6104,-111.1504,90.0,top,C4,,C_1210_3225Metric,220UF,smt,True
220.6244,-111.1504,90.0,top,C5,,C_1210_3225Metric,100UF,smt,True
150.3172,-130.3528,180.0,top,C6,,C_1206_3216Metric,100nF,smt,True
150.5204,-114.0968,180.0,top,C7,,C_1206_3216Metric,100nF,smt,True
150.4696,-97.9424,180.0,top,C8,,C_1206_3216Metric,100nF,smt,True
150.4696,-82.6008,180.0,top,C9,,C_1206_3216Metric,100nF,smt,True
150.368,-125.476,180.0,top,D1,,D_SOD-123,1N4448W,smt,True
150.4696,-109.22,180.0,top,D2,,D_SOD-123,1N4448W,smt,True
150.4188,-93.0656,180.0,top,D3,,D_SOD-123,1N4448W,smt,True
150.5204,-77.6732,180.0,top,D4,,D_SOD-123,1N4448W,smt,True
215.5952,-101.6,90.0,top,D5,,D_SMC,B340,smt,True
222.382,-80.4468,90.0,top,J1,,PinHeader_2x20_P2.54mm_Vertical,Raspberry_Pi_2_3,tht,True
198.8412,-109.8804,-90.0,bottom,J10,,PinHeader_1x04_P2.54mm_Vertical,Coin/Note Input,tht,True
185.8187,-117.8504,90.0,bottom,J11,,BarrelJack_Horizontal,+24V IN,tht,True
197.6551,-117.8504,90.0,bottom,J12,,BarrelJack_Horizontal,+12V OUT,tht,True
139.7781,-126.695199,0.0,bottom,J13,,CONN_1890963_PXC,Player 1,tht,True
139.7273,-110.540799,0.0,bottom,J14,,CONN_1890963_PXC,Player 2,tht,True
139.7273,-94.386399,0.0,bottom,J15,,CONN_1890963_PXC,Player 3,tht,True
139.7273,-78.079599,0.0,bottom,J16,,CONN_1890963_PXC,Player 4,tht,True
207.0966,-80.4722,90.0,bottom,J17,,PinHeader_2x03_P2.54mm_Vertical,ICSP,tht,True
198.887,-98.552,-90.0,bottom,J18,,PinHeader_1x05_P2.54mm_Vertical,Program MCU,tht,True
175.3616,-77.8764,-90.0,bottom,J19,,PinHeader_1x08_P2.54mm_Vertical,Graphics LCD,tht,True
91.150399,-126.7204,0.0,bottom,J2,,282836-9,Player 1,tht,True
164.861,-92.1004,-90.0,bottom,J20,,PinHeader_1x03_P2.54mm_Vertical,Channel 4,tht,True
164.8102,-107.3912,-90.0,bottom,J21,,PinHeader_1x03_P2.54mm_Vertical,Channel 3,tht,True
164.861,-97.6376,-90.0,bottom,J22,,PinHeader_1x03_P2.54mm_Vertical,Channel 2,tht,True
164.7952,-112.8776,-90.0,bottom,J23,,PinHeader_1x03_P2.54mm_Vertical,Channel 1,tht,True
201.417,-104.2924,-90.0,bottom,J24,,PinHeader_1x02_P2.54mm_Vertical,CCard Input,tht,True
91.150399,-110.6932,0.0,bottom,J3,,282836-9,Player 2,tht,True
91.150399,-61.9508,0.0,bottom,J4,,282836-9,Spares,tht,True
91.186,-94.488,0.0,bottom,J5,,282836-9,Player 3,tht,True
91.150399,-78.2572,0.0,bottom,J6,,282836-9,Player 4,tht,True
209.4407,-117.8504,90.0,bottom,J7,,BarrelJack_Horizontal,+24V OUT,tht,True
204.5716,-69.5452,90.0,bottom,J8,,PinHeader_1x02_P2.54mm_Vertical,Neo Pixel Data,tht,True
182.7326,-111.0338,180.0,top,J9,,PinHeader_2x08_P2.54mm_Vertical,Note Acceptor,tht,True
215.646,-110.1344,-90.0,top,L1,,L_Bourns-SRN6028,68UH,smt,True
207.0608,-84.4296,90.0,bottom,LED1,,LED_8270-107F_DIA,598-8270-107F,smt,True
175.34255,-119.9388,0.0,bottom,LED2,,LED_8270-107F_DIA,598-8270-107F,smt,True
175.34255,-123.5964,0.0,bottom,LED3,,LED_8270-107F_DIA,598-8270-107F,smt,True
175.39335,-127.254,0.0,bottom,LED4,,LED_8270-107F_DIA,598-8270-107F,smt,True
197.104,-87.6808,0.0,top,Q16,,SOT-23,BC847,smt,True
234.1372,-85.344,180.0,top,Q4,,SOT-23,BC847,smt,True
238.252,-85.344,180.0,top,Q5,,SOT-23,BC847,smt,True
242.3668,-85.344,180.0,top,Q6,,SOT-23,BC847,smt,True
246.5324,-85.344,180.0,top,Q7,,SOT-23,BC847,smt,True
199.9996,-95.4532,180.0,top,R1,,R_1206_3216Metric,10k,smt,True
150.3172,-127.9144,0.0,top,R10,,R_1206_3216Metric,10k,smt,True
150.4696,-111.6584,0.0,top,R11,,R_1206_3216Metric,10k,smt,True
150.4188,-95.504,0.0,top,R12,,R_1206_3216Metric,10k,smt,True
150.5204,-80.1116,0.0,top,R13,,R_1206_3216Metric,10k,smt,True
168.99255,-123.5964,0.0,bottom,R14,,R_1206_3216Metric,510,smt,True
168.99255,-127.254,0.0,bottom,R15,,R_1206_3216Metric,1k2,smt,True
176.6166,-81.026,0.0,top,R16,,R_1206_3216Metric,220R,smt,True
204.3684,-84.8065,-90.0,bottom,R2,,R_1206_3216Metric,330,smt,True
168.99255,-119.9388,0.0,bottom,R3,,R_1206_3216Metric,160,smt,True
247.3452,-90.7288,-90.0,top,R36,,R_1206_3216Metric,10k,smt,True
243.1288,-90.7288,-90.0,top,R37,,R_1206_3216Metric,10k,smt,True
238.9632,-90.7288,-90.0,top,R38,,R_1206_3216Metric,10k,smt,True
234.8992,-90.7288,-90.0,top,R39,,R_1206_3216Metric,10k,smt,True
150.4696,-75.2348,0.0,top,R4,,R_1206_3216Metric,10k,smt,True
150.4188,-90.678,0.0,top,R5,,R_1206_3216Metric,10k,smt,True
192.786,-90.678,0.0,top,R50,,R_1206_3216Metric,10k,smt,True
192.786,-83.5152,180.0,top,R51,,R_1206_3216Metric,9k1,smt,True
210.058,-110.998,90.0,top,R52,,R_1206_3216Metric,10k,smt,True
150.4696,-106.7816,0.0,top,R6,,R_1206_3216Metric,10k,smt,True
150.368,-123.0376,0.0,top,R7,,R_1206_3216Metric,10k,smt,True
192.786,-88.2396,180.0,top,R8,,R_1206_3216Metric,10k,smt,True
192.786,-85.9028,180.0,top,R9,,R_1206_3216Metric,12k,smt,True
242.4684,-101.4476,180.0,top,U1,,TQFP-32_7x7mm_P0.8mm,ATmega328P-A,smt,True
167.5384,-85.6488,0.0,top,U2,SN74HC04N,SOIC-14_W3.9mm,SN74HC04N,smt,True
228.0602,-105.1408,90.0,top,U3,,TO-263-5_TabPin3,LM2595S-12,smt,True
251.7648,-98.2472,-90.0,top,Y1,,CRYSTAL_ABM3B_ABR,16MHz Crystal,smt,True
