﻿designator,quantity,value,pack,mpn,mount_type
C1,1,100nF,C_1206_3216Metric,,smt
"C2, C3",2,22pF,C_1206_3216Metric,,smt
C4,1,220UF,C_1210_3225Metric,,smt
C5,1,100UF,C_1210_3225Metric,,smt
"C6, C7, C8, C9",4,300nF,C_1206_3216Metric,,smt
"D1, D10, D11, D12, D13, D14, D15, D16, D17, D18, D19, D2, D20, D21, D22, D23, D24, D25, D26, D27, D28, D29, D3, D30, D31, D32, D33, D34, D35, D36, D37, D38, D39, D4, D40, D41, D42, D43, D44, D45, D6, D7, D8, D9",44,1N4448W,D_SOD-123,,smt
D5,1,B340,D_SMC,,smt
J1,1,Raspberry_Pi_2_3,PinHeader_2x20_P2.54mm_Vertical,,tht
J10,1,Coin/Note Input,PinHeader_1x04_P2.54mm_Vertical,,tht
J11,1,+24V IN,BarrelJack_Horizontal,,tht
J12,1,+12V OUT,BarrelJack_Horizontal,,tht
J13,1,Player 1,CONN_1890963_PXC,,tht
J14,1,Player 2,CONN_1890963_PXC,,tht
J15,1,Player 3,CONN_1890963_PXC,,tht
J16,1,Player 4,CONN_1890963_PXC,,tht
J17,1,ICSP,PinHeader_2x03_P2.54mm_Vertical,,tht
J18,1,Serial Program,PinHeader_1x06_P2.54mm_Vertical,,tht
J19,1,Graphics LCD,PinHeader_1x08_P2.54mm_Vertical,,tht
J2,1,Player 1,282836-9,,tht
J20,1,Channel 4,PinHeader_1x03_P2.54mm_Vertical,,tht
J21,1,Channel 3,PinHeader_1x03_P2.54mm_Vertical,,tht
J22,1,Channel 2,PinHeader_1x03_P2.54mm_Vertical,,tht
J23,1,Channel 1,PinHeader_1x03_P2.54mm_Vertical,,tht
J24,1,CCard Input,PinHeader_1x02_P2.54mm_Vertical,,tht
J3,1,Player 2,282836-9,,tht
J4,1,Spares,282836-9,,tht
J5,1,Player 3,282836-9,,tht
J6,1,Player 4,282836-9,,tht
J7,1,+24V OUT,BarrelJack_Horizontal,,tht
J8,1,Neo Pixel Data,CONN_1890963_PXC,,tht
J9,1,Note Acceptor,PinHeader_2x08_P2.54mm_Vertical,,tht
L1,1,68UH,L_Bourns-SRN6028,,smt
"LED1, LED2, LED3, LED4",4,598-8270-107F,LED_8270-107F_DIA,,smt
"Q1, Q16, Q2, Q3, Q4",5,BC847,SOT-23,,smt
"R1, R10, R11, R12, R13, R17, R18, R19, R20, R21, R22, R23, R24, R36, R37, R38, R39, R4, R5, R50, R52, R6, R7, R8, R9",25,10k,R_1206_3216Metric,,smt
R14,1,510,R_1206_3216Metric,,smt
R15,1,1k2,R_1206_3216Metric,,smt
R16,1,220R,R_1206_3216Metric,,smt
R2,1,330,R_1206_3216Metric,,smt
R3,1,160,R_1206_3216Metric,,smt
R51,1,9k1,R_1206_3216Metric,,smt
"RLY1, RLY2, RLY3, RLY4",4,9007-05-00,Relay_Reed_9007-05-00,9007-05-00,tht
U1,1,ATmega328P-A,TQFP-32_7x7mm_P0.8mm,,smt
U2,1,SN74HC04N,SOIC-14_W3.9mm,SN74HC04N,smt
U3,1,LM2595S-12,TO-263-5_TabPin3,,smt
Y1,1,16MHz Crystal,CRYSTAL_ABM3B_ABR,,smt
